{
  "lang":"ar",
  "name":"pipeline",
  "version":"0.0.0",
  "spacy_version":">=3.7.4,<3.8.0",
  "description":"",
  "author":"",
  "email":"",
  "url":"",
  "license":"",
  "spacy_git_version":"bff8725f4",
  "vectors":{
    "width":0,
    "vectors":0,
    "keys":0,
    "name":null,
    "mode":"default"
  },
  "labels":{
    "tok2vec":[

    ],
    "ner":[
      "CARDINAL",
      "CURR",
      "DATE",
      "EVENT",
      "FAC",
      "GPE",
      "LANGUAGE",
      "LAW",
      "LOC",
      "MONEY",
      "NORP",
      "OCC",
      "ORDINAL",
      "ORG",
      "PERCENT",
      "PERS",
      "PRODUCT",
      "QUANTITY",
      "TIME",
      "UNIT",
      "WEBSITE"
    ]
  },
  "pipeline":[
    "tok2vec",
    "ner"
  ],
  "components":[
    "tok2vec",
    "ner"
  ],
  "disabled":[

  ],
  "performance":{
    "ents_f":0.8611072179,
    "ents_p":0.8617110799,
    "ents_r":0.8605042017,
    "ents_per_type":{
      "PERS":{
        "p":0.864516129,
        "r":0.8772504092,
        "f":0.8708367181
      },
      "ORG":{
        "p":0.8775637042,
        "r":0.8953709575,
        "f":0.8863779033
      },
      "DATE":{
        "p":0.9301886792,
        "r":0.9290201005,
        "f":0.9296040226
      },
      "OCC":{
        "p":0.8621399177,
        "r":0.8151750973,
        "f":0.838
      },
      "FAC":{
        "p":0.775,
        "r":0.6739130435,
        "f":0.7209302326
      },
      "GPE":{
        "p":0.8683729433,
        "r":0.9039010466,
        "f":0.8857808858
      },
      "LOC":{
        "p":0.7631578947,
        "r":0.7837837838,
        "f":0.7733333333
      },
      "NORP":{
        "p":0.6764705882,
        "r":0.7244094488,
        "f":0.6996197719
      },
      "ORDINAL":{
        "p":0.925170068,
        "r":0.9168539326,
        "f":0.920993228
      },
      "EVENT":{
        "p":0.8614718615,
        "r":0.7056737589,
        "f":0.77582846
      },
      "CARDINAL":{
        "p":0.8439716312,
        "r":0.7,
        "f":0.7652733119
      },
      "LAW":{
        "p":0.7090909091,
        "r":0.829787234,
        "f":0.7647058824
      },
      "LANGUAGE":{
        "p":0.8333333333,
        "r":0.625,
        "f":0.7142857143
      },
      "MONEY":{
        "p":0.65,
        "r":0.5909090909,
        "f":0.619047619
      },
      "QUANTITY":{
        "p":0.0,
        "r":0.0,
        "f":0.0
      },
      "TIME":{
        "p":0.6153846154,
        "r":0.7272727273,
        "f":0.6666666667
      },
      "PRODUCT":{
        "p":0.5,
        "r":0.375,
        "f":0.4285714286
      },
      "WEBSITE":{
        "p":0.5151515152,
        "r":0.425,
        "f":0.4657534247
      },
      "PERCENT":{
        "p":0.6470588235,
        "r":0.9166666667,
        "f":0.7586206897
      },
      "UNIT":{
        "p":0.0,
        "r":0.0,
        "f":0.0
      },
      "CURR":{
        "p":0.0,
        "r":0.0,
        "f":0.0
      }
    },
    "tok2vec_loss":594.965781504,
    "ner_loss":2430.4079696219
  }
}